trip_id,arrival_time,departure_time,stop_id,stop_sequence,pickup_type,drop_off_type,stop_name,stop_lat,stop_lon,location_type,route_id,trip_headsign,trip_short_name,start,stop
14,17:48:00,17:58:00,8103000,2,0,0,Wien Hbf,48.185101,16.377113,0,4,Graz Hbf,RJ 1255,Wien Hbf,Graz Hbf
14,18:03:00,18:05:00,8100514,3,0,0,Wien Meidling Bahnhof,48.174582,16.333737,0,4,Graz Hbf,RJ 1255,Wien Hbf,Graz Hbf
14,18:28:00,18:32:00,8100516,4,0,0,Wr.Neustadt Hbf,47.811693,16.233812,0,4,Graz Hbf,RJ 1255,Wien Hbf,Graz Hbf
14,19:14:00,19:15:00,8100028,5,0,0,Semmering Bahnhof,47.639703999999995,15.831028,0,4,Graz Hbf,RJ 1255,Wien Hbf,Graz Hbf
14,19:28:00,19:30:00,8100029,6,0,0,Mürzzuschlag Bahnhof,47.607874,15.677004,0,4,Graz Hbf,RJ 1255,Wien Hbf,Graz Hbf
14,19:51:00,19:52:00,8100031,7,0,0,Kapfenberg Bahnhof,47.445195,15.292089,0,4,Graz Hbf,RJ 1255,Wien Hbf,Graz Hbf
14,19:56:00,19:58:00,8100032,8,0,0,Bruck/Mur Bahnhof,47.413649,15.279495,0,4,Graz Hbf,RJ 1255,Wien Hbf,Graz Hbf
14,20:33:00,20:33:00,8100173,9,1,0,Graz Hbf,47.072503000000005,15.416464000000001,0,4,Graz Hbf,RJ 1255,Wien Hbf,Graz Hbf
96,11:20:00,11:26:00,8100173,5,0,0,Graz Hbf,47.072503000000005,15.416464000000001,0,9,Wien Hbf,EC 158,Graz Hbf,Wien Hbf
96,12:01:00,12:03:00,8100032,6,0,0,Bruck/Mur Bahnhof,47.413649,15.279495,0,9,Wien Hbf,EC 158,Graz Hbf,Wien Hbf
96,12:09:00,12:11:00,8100031,7,0,0,Kapfenberg Bahnhof,47.445195,15.292089,0,9,Wien Hbf,EC 158,Graz Hbf,Wien Hbf
96,12:32:00,12:33:00,8100029,8,0,0,Mürzzuschlag Bahnhof,47.607874,15.677004,0,9,Wien Hbf,EC 158,Graz Hbf,Wien Hbf
96,13:28:00,13:32:00,8100516,9,0,0,Wr.Neustadt Hbf,47.811693,16.233812,0,9,Wien Hbf,EC 158,Graz Hbf,Wien Hbf
96,13:55:00,13:57:00,8100514,10,0,0,Wien Meidling Bahnhof,48.174582,16.333737,0,9,Wien Hbf,EC 158,Graz Hbf,Wien Hbf
96,14:02:00,14:02:00,8103000,11,1,0,Wien Hbf,48.185101,16.377113,0,9,Wien Hbf,EC 158,Graz Hbf,Wien Hbf
4210,05:58:00,05:58:00,8103000,1,0,1,Wien Hbf,48.185101,16.377113,0,4,Graz Hbf,RJ 551,Wien Hbf,Graz Hbf
4210,06:03:00,06:05:00,8100514,2,0,0,Wien Meidling Bahnhof,48.174582,16.333737,0,4,Graz Hbf,RJ 551,Wien Hbf,Graz Hbf
4210,06:28:00,06:32:00,8100516,3,0,0,Wr.Neustadt Hbf,47.811693,16.233812,0,4,Graz Hbf,RJ 551,Wien Hbf,Graz Hbf
4210,07:28:00,07:30:00,8100029,4,0,0,Mürzzuschlag Bahnhof,47.607874,15.677004,0,4,Graz Hbf,RJ 551,Wien Hbf,Graz Hbf
4210,07:51:00,07:52:00,8100031,5,0,0,Kapfenberg Bahnhof,47.445195,15.292089,0,4,Graz Hbf,RJ 551,Wien Hbf,Graz Hbf
4210,07:56:00,07:58:00,8100032,6,0,0,Bruck/Mur Bahnhof,47.413649,15.279495,0,4,Graz Hbf,RJ 551,Wien Hbf,Graz Hbf
4210,08:33:00,08:33:00,8100173,7,1,0,Graz Hbf,47.072503000000005,15.416464000000001,0,4,Graz Hbf,RJ 551,Wien Hbf,Graz Hbf
4211,06:48:00,06:58:00,8103000,2,0,0,Wien Hbf,48.185101,16.377113,0,4,Graz Hbf,RJ 553,Wien Hbf,Graz Hbf
4211,07:03:00,07:05:00,8100514,3,0,0,Wien Meidling Bahnhof,48.174582,16.333737,0,4,Graz Hbf,RJ 553,Wien Hbf,Graz Hbf
4211,07:28:00,07:32:00,8100516,4,0,0,Wr.Neustadt Hbf,47.811693,16.233812,0,4,Graz Hbf,RJ 553,Wien Hbf,Graz Hbf
4211,08:28:00,08:30:00,8100029,5,0,0,Mürzzuschlag Bahnhof,47.607874,15.677004,0,4,Graz Hbf,RJ 553,Wien Hbf,Graz Hbf
4211,08:51:00,08:52:00,8100031,6,0,0,Kapfenberg Bahnhof,47.445195,15.292089,0,4,Graz Hbf,RJ 553,Wien Hbf,Graz Hbf
4211,08:56:00,08:58:00,8100032,7,0,0,Bruck/Mur Bahnhof,47.413649,15.279495,0,4,Graz Hbf,RJ 553,Wien Hbf,Graz Hbf
4211,09:33:00,09:33:00,8100173,8,1,0,Graz Hbf,47.072503000000005,15.416464000000001,0,4,Graz Hbf,RJ 553,Wien Hbf,Graz Hbf
4212,07:26:00,07:26:00,8100173,1,0,1,Graz Hbf,47.072503000000005,15.416464000000001,0,4,Flughafen Wien Bahnhof,RJ 554,Graz Hbf,Wien Hbf
4212,08:01:00,08:03:00,8100032,2,0,0,Bruck/Mur Bahnhof,47.413649,15.279495,0,4,Flughafen Wien Bahnhof,RJ 554,Graz Hbf,Wien Hbf
4212,08:09:00,08:11:00,8100031,3,0,0,Kapfenberg Bahnhof,47.445195,15.292089,0,4,Flughafen Wien Bahnhof,RJ 554,Graz Hbf,Wien Hbf
4212,08:32:00,08:33:00,8100029,4,0,0,Mürzzuschlag Bahnhof,47.607874,15.677004,0,4,Flughafen Wien Bahnhof,RJ 554,Graz Hbf,Wien Hbf
4212,08:45:00,08:47:00,8100028,5,0,0,Semmering Bahnhof,47.639703999999995,15.831028,0,4,Flughafen Wien Bahnhof,RJ 554,Graz Hbf,Wien Hbf
4212,09:28:00,09:32:00,8100516,6,0,0,Wr.Neustadt Hbf,47.811693,16.233812,0,4,Flughafen Wien Bahnhof,RJ 554,Graz Hbf,Wien Hbf
4212,09:55:00,09:57:00,8100514,7,0,0,Wien Meidling Bahnhof,48.174582,16.333737,0,4,Flughafen Wien Bahnhof,RJ 554,Graz Hbf,Wien Hbf
4212,10:02:00,10:12:00,8103000,8,0,0,Wien Hbf,48.185101,16.377113,0,4,Flughafen Wien Bahnhof,RJ 554,Graz Hbf,Wien Hbf
4279,09:26:00,09:26:00,8100173,1,0,1,Graz Hbf,47.072503000000005,15.416464000000001,0,4,Flughafen Wien Bahnhof,RJ 558,Graz Hbf,Wien Hbf
4279,10:01:00,10:03:00,8100032,2,0,0,Bruck/Mur Bahnhof,47.413649,15.279495,0,4,Flughafen Wien Bahnhof,RJ 558,Graz Hbf,Wien Hbf
4279,10:09:00,10:11:00,8100031,3,0,0,Kapfenberg Bahnhof,47.445195,15.292089,0,4,Flughafen Wien Bahnhof,RJ 558,Graz Hbf,Wien Hbf
4279,10:32:00,10:33:00,8100029,4,0,0,Mürzzuschlag Bahnhof,47.607874,15.677004,0,4,Flughafen Wien Bahnhof,RJ 558,Graz Hbf,Wien Hbf
4279,11:28:00,11:32:00,8100516,5,0,0,Wr.Neustadt Hbf,47.811693,16.233812,0,4,Flughafen Wien Bahnhof,RJ 558,Graz Hbf,Wien Hbf
4279,11:55:00,11:57:00,8100514,6,0,0,Wien Meidling Bahnhof,48.174582,16.333737,0,4,Flughafen Wien Bahnhof,RJ 558,Graz Hbf,Wien Hbf
4279,12:02:00,12:12:00,8103000,7,0,0,Wien Hbf,48.185101,16.377113,0,4,Flughafen Wien Bahnhof,RJ 558,Graz Hbf,Wien Hbf
4298,09:48:00,09:58:00,8103000,2,0,0,Wien Hbf,48.185101,16.377113,0,4,Graz Hbf,RJ 559,Wien Hbf,Graz Hbf
4298,10:03:00,10:05:00,8100514,3,0,0,Wien Meidling Bahnhof,48.174582,16.333737,0,4,Graz Hbf,RJ 559,Wien Hbf,Graz Hbf
4298,10:28:00,10:32:00,8100516,4,0,0,Wr.Neustadt Hbf,47.811693,16.233812,0,4,Graz Hbf,RJ 559,Wien Hbf,Graz Hbf
4298,11:14:00,11:15:00,8100028,5,0,0,Semmering Bahnhof,47.639703999999995,15.831028,0,4,Graz Hbf,RJ 559,Wien Hbf,Graz Hbf
4298,11:28:00,11:30:00,8100029,6,0,0,Mürzzuschlag Bahnhof,47.607874,15.677004,0,4,Graz Hbf,RJ 559,Wien Hbf,Graz Hbf
4298,11:51:00,11:52:00,8100031,7,0,0,Kapfenberg Bahnhof,47.445195,15.292089,0,4,Graz Hbf,RJ 559,Wien Hbf,Graz Hbf
4298,11:56:00,11:58:00,8100032,8,0,0,Bruck/Mur Bahnhof,47.413649,15.279495,0,4,Graz Hbf,RJ 559,Wien Hbf,Graz Hbf
4298,12:33:00,12:33:00,8100173,9,1,0,Graz Hbf,47.072503000000005,15.416464000000001,0,4,Graz Hbf,RJ 559,Wien Hbf,Graz Hbf
4907,11:48:00,11:58:00,8103000,2,0,0,Wien Hbf,48.185101,16.377113,0,4,Graz Hbf,RJ 653,Wien Hbf,Graz Hbf
4907,12:03:00,12:05:00,8100514,3,0,0,Wien Meidling Bahnhof,48.174582,16.333737,0,4,Graz Hbf,RJ 653,Wien Hbf,Graz Hbf
4907,12:28:00,12:32:00,8100516,4,0,0,Wr.Neustadt Hbf,47.811693,16.233812,0,4,Graz Hbf,RJ 653,Wien Hbf,Graz Hbf
4907,13:14:00,13:15:00,8100028,5,0,0,Semmering Bahnhof,47.639703999999995,15.831028,0,4,Graz Hbf,RJ 653,Wien Hbf,Graz Hbf
4907,13:28:00,13:30:00,8100029,6,0,0,Mürzzuschlag Bahnhof,47.607874,15.677004,0,4,Graz Hbf,RJ 653,Wien Hbf,Graz Hbf
4907,13:51:00,13:52:00,8100031,7,0,0,Kapfenberg Bahnhof,47.445195,15.292089,0,4,Graz Hbf,RJ 653,Wien Hbf,Graz Hbf
4907,13:56:00,13:58:00,8100032,8,0,0,Bruck/Mur Bahnhof,47.413649,15.279495,0,4,Graz Hbf,RJ 653,Wien Hbf,Graz Hbf
4907,14:33:00,14:33:00,8100173,9,1,0,Graz Hbf,47.072503000000005,15.416464000000001,0,4,Graz Hbf,RJ 653,Wien Hbf,Graz Hbf
4934,13:26:00,13:26:00,8100173,1,0,1,Graz Hbf,47.072503000000005,15.416464000000001,0,4,Flughafen Wien Bahnhof,RJ 656,Graz Hbf,Wien Hbf
4934,14:01:00,14:03:00,8100032,2,0,0,Bruck/Mur Bahnhof,47.413649,15.279495,0,4,Flughafen Wien Bahnhof,RJ 656,Graz Hbf,Wien Hbf
4934,14:09:00,14:11:00,8100031,3,0,0,Kapfenberg Bahnhof,47.445195,15.292089,0,4,Flughafen Wien Bahnhof,RJ 656,Graz Hbf,Wien Hbf
4934,14:32:00,14:33:00,8100029,4,0,0,Mürzzuschlag Bahnhof,47.607874,15.677004,0,4,Flughafen Wien Bahnhof,RJ 656,Graz Hbf,Wien Hbf
4934,15:28:00,15:32:00,8100516,5,0,0,Wr.Neustadt Hbf,47.811693,16.233812,0,4,Flughafen Wien Bahnhof,RJ 656,Graz Hbf,Wien Hbf
4934,15:55:00,15:57:00,8100514,6,0,0,Wien Meidling Bahnhof,48.174582,16.333737,0,4,Flughafen Wien Bahnhof,RJ 656,Graz Hbf,Wien Hbf
4934,16:02:00,16:12:00,8103000,7,0,0,Wien Hbf,48.185101,16.377113,0,4,Flughafen Wien Bahnhof,RJ 656,Graz Hbf,Wien Hbf
4940,13:48:00,13:58:00,8103000,2,0,0,Wien Hbf,48.185101,16.377113,0,4,Graz Hbf,RJ 657,Wien Hbf,Graz Hbf
4940,14:03:00,14:05:00,8100514,3,0,0,Wien Meidling Bahnhof,48.174582,16.333737,0,4,Graz Hbf,RJ 657,Wien Hbf,Graz Hbf
4940,14:28:00,14:32:00,8100516,4,0,0,Wr.Neustadt Hbf,47.811693,16.233812,0,4,Graz Hbf,RJ 657,Wien Hbf,Graz Hbf
4940,15:28:00,15:30:00,8100029,5,0,0,Mürzzuschlag Bahnhof,47.607874,15.677004,0,4,Graz Hbf,RJ 657,Wien Hbf,Graz Hbf
4940,15:51:00,15:52:00,8100031,6,0,0,Kapfenberg Bahnhof,47.445195,15.292089,0,4,Graz Hbf,RJ 657,Wien Hbf,Graz Hbf
4940,15:56:00,15:58:00,8100032,7,0,0,Bruck/Mur Bahnhof,47.413649,15.279495,0,4,Graz Hbf,RJ 657,Wien Hbf,Graz Hbf
4940,16:33:00,16:33:00,8100173,8,1,0,Graz Hbf,47.072503000000005,15.416464000000001,0,4,Graz Hbf,RJ 657,Wien Hbf,Graz Hbf
5243,15:26:00,15:26:00,8100173,1,0,1,Graz Hbf,47.072503000000005,15.416464000000001,0,4,Flughafen Wien Bahnhof,RJ 750,Graz Hbf,Wien Hbf
5243,16:01:00,16:03:00,8100032,2,0,0,Bruck/Mur Bahnhof,47.413649,15.279495,0,4,Flughafen Wien Bahnhof,RJ 750,Graz Hbf,Wien Hbf
5243,16:09:00,16:11:00,8100031,3,0,0,Kapfenberg Bahnhof,47.445195,15.292089,0,4,Flughafen Wien Bahnhof,RJ 750,Graz Hbf,Wien Hbf
5243,16:32:00,16:33:00,8100029,4,0,0,Mürzzuschlag Bahnhof,47.607874,15.677004,0,4,Flughafen Wien Bahnhof,RJ 750,Graz Hbf,Wien Hbf
5243,16:45:00,16:47:00,8100028,5,0,0,Semmering Bahnhof,47.639703999999995,15.831028,0,4,Flughafen Wien Bahnhof,RJ 750,Graz Hbf,Wien Hbf
5243,17:28:00,17:32:00,8100516,6,0,0,Wr.Neustadt Hbf,47.811693,16.233812,0,4,Flughafen Wien Bahnhof,RJ 750,Graz Hbf,Wien Hbf
5243,17:55:00,17:57:00,8100514,7,0,0,Wien Meidling Bahnhof,48.174582,16.333737,0,4,Flughafen Wien Bahnhof,RJ 750,Graz Hbf,Wien Hbf
5243,18:02:00,18:12:00,8103000,8,0,0,Wien Hbf,48.185101,16.377113,0,4,Flughafen Wien Bahnhof,RJ 750,Graz Hbf,Wien Hbf
5269,17:26:00,17:26:00,8100173,1,0,1,Graz Hbf,47.072503000000005,15.416464000000001,0,4,Flughafen Wien Bahnhof,RJ 754,Graz Hbf,Wien Hbf
5269,18:01:00,18:03:00,8100032,2,0,0,Bruck/Mur Bahnhof,47.413649,15.279495,0,4,Flughafen Wien Bahnhof,RJ 754,Graz Hbf,Wien Hbf
5269,18:09:00,18:11:00,8100031,3,0,0,Kapfenberg Bahnhof,47.445195,15.292089,0,4,Flughafen Wien Bahnhof,RJ 754,Graz Hbf,Wien Hbf
5269,18:32:00,18:33:00,8100029,4,0,0,Mürzzuschlag Bahnhof,47.607874,15.677004,0,4,Flughafen Wien Bahnhof,RJ 754,Graz Hbf,Wien Hbf
5269,18:45:00,18:47:00,8100028,5,0,0,Semmering Bahnhof,47.639703999999995,15.831028,0,4,Flughafen Wien Bahnhof,RJ 754,Graz Hbf,Wien Hbf
5269,19:28:00,19:32:00,8100516,6,0,0,Wr.Neustadt Hbf,47.811693,16.233812,0,4,Flughafen Wien Bahnhof,RJ 754,Graz Hbf,Wien Hbf
5269,19:55:00,19:57:00,8100514,7,0,0,Wien Meidling Bahnhof,48.174582,16.333737,0,4,Flughafen Wien Bahnhof,RJ 754,Graz Hbf,Wien Hbf
5269,20:02:00,20:12:00,8103000,8,0,0,Wien Hbf,48.185101,16.377113,0,4,Flughafen Wien Bahnhof,RJ 754,Graz Hbf,Wien Hbf
5272,17:48:00,17:58:00,8103000,2,0,0,Wien Hbf,48.185101,16.377113,0,4,Graz Hbf,RJ 755,Wien Hbf,Graz Hbf
5272,18:03:00,18:05:00,8100514,3,0,0,Wien Meidling Bahnhof,48.174582,16.333737,0,4,Graz Hbf,RJ 755,Wien Hbf,Graz Hbf
5272,18:30:00,18:32:00,8100516,4,0,0,Wr.Neustadt Hbf,47.811693,16.233812,0,4,Graz Hbf,RJ 755,Wien Hbf,Graz Hbf
5272,19:14:00,19:15:00,8100028,5,0,0,Semmering Bahnhof,47.639703999999995,15.831028,0,4,Graz Hbf,RJ 755,Wien Hbf,Graz Hbf
5272,19:28:00,19:30:00,8100029,6,0,0,Mürzzuschlag Bahnhof,47.607874,15.677004,0,4,Graz Hbf,RJ 755,Wien Hbf,Graz Hbf
5272,19:51:00,19:52:00,8100031,7,0,0,Kapfenberg Bahnhof,47.445195,15.292089,0,4,Graz Hbf,RJ 755,Wien Hbf,Graz Hbf
5272,19:56:00,19:58:00,8100032,8,0,0,Bruck/Mur Bahnhof,47.413649,15.279495,0,4,Graz Hbf,RJ 755,Wien Hbf,Graz Hbf
5272,20:33:00,20:33:00,8100173,9,1,0,Graz Hbf,47.072503000000005,15.416464000000001,0,4,Graz Hbf,RJ 755,Wien Hbf,Graz Hbf
5393,20:26:00,20:26:00,8100173,1,0,1,Graz Hbf,47.072503000000005,15.416464000000001,0,4,Wien Hbf,RJ 850,Graz Hbf,Wien Hbf
5393,21:01:00,21:03:00,8100032,2,0,0,Bruck/Mur Bahnhof,47.413649,15.279495,0,4,Wien Hbf,RJ 850,Graz Hbf,Wien Hbf
5393,21:09:00,21:11:00,8100031,3,0,0,Kapfenberg Bahnhof,47.445195,15.292089,0,4,Wien Hbf,RJ 850,Graz Hbf,Wien Hbf
5393,21:32:00,21:33:00,8100029,4,0,0,Mürzzuschlag Bahnhof,47.607874,15.677004,0,4,Wien Hbf,RJ 850,Graz Hbf,Wien Hbf
5393,22:28:00,22:32:00,8100516,5,0,0,Wr.Neustadt Hbf,47.811693,16.233812,0,4,Wien Hbf,RJ 850,Graz Hbf,Wien Hbf
5393,22:55:00,22:57:00,8100514,6,0,0,Wien Meidling Bahnhof,48.174582,16.333737,0,4,Wien Hbf,RJ 850,Graz Hbf,Wien Hbf
5393,23:02:00,23:02:00,8103000,7,1,0,Wien Hbf,48.185101,16.377113,0,4,Wien Hbf,RJ 850,Graz Hbf,Wien Hbf
5394,21:26:00,21:26:00,8100173,1,0,1,Graz Hbf,47.072503000000005,15.416464000000001,0,7,Wien Hbf,D 852,Graz Hbf,Wien Hbf
5394,22:01:00,22:03:00,8100032,2,0,0,Bruck/Mur Bahnhof,47.413649,15.279495,0,7,Wien Hbf,D 852,Graz Hbf,Wien Hbf
5394,22:09:00,22:11:00,8100031,3,0,0,Kapfenberg Bahnhof,47.445195,15.292089,0,7,Wien Hbf,D 852,Graz Hbf,Wien Hbf
5394,22:32:00,22:33:00,8100029,4,0,0,Mürzzuschlag Bahnhof,47.607874,15.677004,0,7,Wien Hbf,D 852,Graz Hbf,Wien Hbf
5394,23:28:00,23:32:00,8100516,5,0,0,Wr.Neustadt Hbf,47.811693,16.233812,0,7,Wien Hbf,D 852,Graz Hbf,Wien Hbf
5394,23:55:00,23:57:00,8100514,6,0,0,Wien Meidling Bahnhof,48.174582,16.333737,0,7,Wien Hbf,D 852,Graz Hbf,Wien Hbf
5394,24:02:00,24:02:00,8103000,7,1,0,Wien Hbf,48.185101,16.377113,0,7,Wien Hbf,D 852,Graz Hbf,Wien Hbf
5395,21:58:00,21:58:00,8103000,1,0,1,Wien Hbf,48.185101,16.377113,0,4,Graz Hbf,RJ 853,Wien Hbf,Graz Hbf
5395,22:03:00,22:05:00,8100514,2,0,0,Wien Meidling Bahnhof,48.174582,16.333737,0,4,Graz Hbf,RJ 853,Wien Hbf,Graz Hbf
5395,22:28:00,22:32:00,8100516,3,0,0,Wr.Neustadt Hbf,47.811693,16.233812,0,4,Graz Hbf,RJ 853,Wien Hbf,Graz Hbf
5395,23:28:00,23:30:00,8100029,4,0,0,Mürzzuschlag Bahnhof,47.607874,15.677004,0,4,Graz Hbf,RJ 853,Wien Hbf,Graz Hbf
5395,23:51:00,23:52:00,8100031,5,0,0,Kapfenberg Bahnhof,47.445195,15.292089,0,4,Graz Hbf,RJ 853,Wien Hbf,Graz Hbf
5395,23:56:00,23:58:00,8100032,6,0,0,Bruck/Mur Bahnhof,47.413649,15.279495,0,4,Graz Hbf,RJ 853,Wien Hbf,Graz Hbf
5395,24:33:00,24:33:00,8100173,7,1,0,Graz Hbf,47.072503000000005,15.416464000000001,0,4,Graz Hbf,RJ 853,Wien Hbf,Graz Hbf
5396,01:58:00,01:58:00,8103000,1,0,1,Wien Hbf,48.185101,16.377113,0,4,Graz Hbf,RJ 855,Wien Hbf,Graz Hbf
5396,02:03:00,02:05:00,8100514,2,0,0,Wien Meidling Bahnhof,48.174582,16.333737,0,4,Graz Hbf,RJ 855,Wien Hbf,Graz Hbf
5396,02:28:00,02:32:00,8100516,3,0,0,Wr.Neustadt Hbf,47.811693,16.233812,0,4,Graz Hbf,RJ 855,Wien Hbf,Graz Hbf
5396,03:28:00,03:30:00,8100029,4,0,0,Mürzzuschlag Bahnhof,47.607874,15.677004,0,4,Graz Hbf,RJ 855,Wien Hbf,Graz Hbf
5396,03:51:00,03:52:00,8100031,5,0,0,Kapfenberg Bahnhof,47.445195,15.292089,0,4,Graz Hbf,RJ 855,Wien Hbf,Graz Hbf
5396,03:56:00,03:58:00,8100032,6,0,0,Bruck/Mur Bahnhof,47.413649,15.279495,0,4,Graz Hbf,RJ 855,Wien Hbf,Graz Hbf
5396,04:33:00,04:33:00,8100173,7,1,0,Graz Hbf,47.072503000000005,15.416464000000001,0,4,Graz Hbf,RJ 855,Wien Hbf,Graz Hbf
5776,05:28:00,05:28:00,8100173,1,0,1,Graz Hbf,47.072503000000005,15.416464000000001,0,9,Bohumin,EC 104,Graz Hbf,Wien Hbf
5776,06:03:00,06:05:00,8100032,2,0,0,Bruck/Mur Bahnhof,47.413649,15.279495,0,9,Bohumin,EC 104,Graz Hbf,Wien Hbf
5776,06:11:00,06:12:00,8100031,3,0,0,Kapfenberg Bahnhof,47.445195,15.292089,0,9,Bohumin,EC 104,Graz Hbf,Wien Hbf
5776,06:33:00,06:34:00,8100029,4,0,0,Mürzzuschlag Bahnhof,47.607874,15.677004,0,9,Bohumin,EC 104,Graz Hbf,Wien Hbf
5776,07:28:00,07:30:00,8100516,5,0,0,Wr.Neustadt Hbf,47.811693,16.233812,0,9,Bohumin,EC 104,Graz Hbf,Wien Hbf
5776,07:55:00,07:57:00,8100514,6,0,0,Wien Meidling Bahnhof,48.174582,16.333737,0,9,Bohumin,EC 104,Graz Hbf,Wien Hbf
5776,08:02:00,08:10:00,8103000,7,0,0,Wien Hbf,48.185101,16.377113,0,9,Bohumin,EC 104,Graz Hbf,Wien Hbf
5777,19:49:00,19:58:00,8103000,3,0,0,Wien Hbf,48.185101,16.377113,0,9,Graz Hbf,EC 105,Wien Hbf,Graz Hbf
5777,20:03:00,20:05:00,8100514,4,0,0,Wien Meidling Bahnhof,48.174582,16.333737,0,9,Graz Hbf,EC 105,Wien Hbf,Graz Hbf
5777,20:28:00,20:32:00,8100516,5,0,0,Wr.Neustadt Hbf,47.811693,16.233812,0,9,Graz Hbf,EC 105,Wien Hbf,Graz Hbf
5777,21:28:00,21:30:00,8100029,6,0,0,Mürzzuschlag Bahnhof,47.607874,15.677004,0,9,Graz Hbf,EC 105,Wien Hbf,Graz Hbf
5777,21:51:00,21:52:00,8100031,7,0,0,Kapfenberg Bahnhof,47.445195,15.292089,0,9,Graz Hbf,EC 105,Wien Hbf,Graz Hbf
5777,21:56:00,21:58:00,8100032,8,0,0,Bruck/Mur Bahnhof,47.413649,15.279495,0,9,Graz Hbf,EC 105,Wien Hbf,Graz Hbf
5777,22:33:00,22:33:00,8100173,9,1,0,Graz Hbf,47.072503000000005,15.416464000000001,0,9,Graz Hbf,EC 105,Wien Hbf,Graz Hbf
5836,15:58:00,15:58:00,8103000,1,0,1,Wien Hbf,48.185101,16.377113,0,9,Zagreb Glavni kolodvor,EC 1259,Wien Hbf,Graz Hbf
5836,16:03:00,16:05:00,8100514,2,0,0,Wien Meidling Bahnhof,48.174582,16.333737,0,9,Zagreb Glavni kolodvor,EC 1259,Wien Hbf,Graz Hbf
5836,16:28:00,16:32:00,8100516,3,0,0,Wr.Neustadt Hbf,47.811693,16.233812,0,9,Zagreb Glavni kolodvor,EC 1259,Wien Hbf,Graz Hbf
5836,17:28:00,17:30:00,8100029,4,0,0,Mürzzuschlag Bahnhof,47.607874,15.677004,0,9,Zagreb Glavni kolodvor,EC 1259,Wien Hbf,Graz Hbf
5836,17:51:00,17:52:00,8100031,5,0,0,Kapfenberg Bahnhof,47.445195,15.292089,0,9,Zagreb Glavni kolodvor,EC 1259,Wien Hbf,Graz Hbf
5836,17:56:00,17:58:00,8100032,6,0,0,Bruck/Mur Bahnhof,47.413649,15.279495,0,9,Zagreb Glavni kolodvor,EC 1259,Wien Hbf,Graz Hbf
5836,18:33:00,18:39:00,8100173,7,0,0,Graz Hbf,47.072503000000005,15.416464000000001,0,9,Zagreb Glavni kolodvor,EC 1259,Wien Hbf,Graz Hbf
5837,15:58:00,15:58:00,8103000,1,0,1,Wien Hbf,48.185101,16.377113,0,9,Zagreb Glavni kolodvor,EC 1259,Wien Hbf,Graz Hbf
5837,16:03:00,16:05:00,8100514,2,0,0,Wien Meidling Bahnhof,48.174582,16.333737,0,9,Zagreb Glavni kolodvor,EC 1259,Wien Hbf,Graz Hbf
5837,16:28:00,16:32:00,8100516,3,0,0,Wr.Neustadt Hbf,47.811693,16.233812,0,9,Zagreb Glavni kolodvor,EC 1259,Wien Hbf,Graz Hbf
5837,17:28:00,17:30:00,8100029,4,0,0,Mürzzuschlag Bahnhof,47.607874,15.677004,0,9,Zagreb Glavni kolodvor,EC 1259,Wien Hbf,Graz Hbf
5837,17:51:00,17:52:00,8100031,5,0,0,Kapfenberg Bahnhof,47.445195,15.292089,0,9,Zagreb Glavni kolodvor,EC 1259,Wien Hbf,Graz Hbf
5837,17:56:00,17:58:00,8100032,6,0,0,Bruck/Mur Bahnhof,47.413649,15.279495,0,9,Zagreb Glavni kolodvor,EC 1259,Wien Hbf,Graz Hbf
5837,18:33:00,18:39:00,8100173,7,0,0,Graz Hbf,47.072503000000005,15.416464000000001,0,9,Zagreb Glavni kolodvor,EC 1259,Wien Hbf,Graz Hbf
5864,19:20:00,19:26:00,8100173,5,0,0,Graz Hbf,47.072503000000005,15.416464000000001,0,9,Wien Hbf,EC 150,Graz Hbf,Wien Hbf
5864,20:01:00,20:03:00,8100032,6,0,0,Bruck/Mur Bahnhof,47.413649,15.279495,0,9,Wien Hbf,EC 150,Graz Hbf,Wien Hbf
5864,20:09:00,20:11:00,8100031,7,0,0,Kapfenberg Bahnhof,47.445195,15.292089,0,9,Wien Hbf,EC 150,Graz Hbf,Wien Hbf
5864,20:32:00,20:33:00,8100029,8,0,0,Mürzzuschlag Bahnhof,47.607874,15.677004,0,9,Wien Hbf,EC 150,Graz Hbf,Wien Hbf
5864,21:28:00,21:32:00,8100516,9,0,0,Wr.Neustadt Hbf,47.811693,16.233812,0,9,Wien Hbf,EC 150,Graz Hbf,Wien Hbf
5864,21:55:00,21:57:00,8100514,10,0,0,Wien Meidling Bahnhof,48.174582,16.333737,0,9,Wien Hbf,EC 150,Graz Hbf,Wien Hbf
5864,22:02:00,22:02:00,8103000,11,1,0,Wien Hbf,48.185101,16.377113,0,9,Wien Hbf,EC 150,Graz Hbf,Wien Hbf
5865,19:20:00,19:26:00,8100173,5,0,0,Graz Hbf,47.072503000000005,15.416464000000001,0,9,Wien Hbf,EC 150,Graz Hbf,Wien Hbf
5865,20:01:00,20:03:00,8100032,6,0,0,Bruck/Mur Bahnhof,47.413649,15.279495,0,9,Wien Hbf,EC 150,Graz Hbf,Wien Hbf
5865,20:09:00,20:11:00,8100031,7,0,0,Kapfenberg Bahnhof,47.445195,15.292089,0,9,Wien Hbf,EC 150,Graz Hbf,Wien Hbf
5865,20:32:00,20:33:00,8100029,8,0,0,Mürzzuschlag Bahnhof,47.607874,15.677004,0,9,Wien Hbf,EC 150,Graz Hbf,Wien Hbf
5865,21:28:00,21:32:00,8100516,9,0,0,Wr.Neustadt Hbf,47.811693,16.233812,0,9,Wien Hbf,EC 150,Graz Hbf,Wien Hbf
5865,21:55:00,21:57:00,8100514,10,0,0,Wien Meidling Bahnhof,48.174582,16.333737,0,9,Wien Hbf,EC 150,Graz Hbf,Wien Hbf
5865,22:02:00,22:02:00,8103000,11,1,0,Wien Hbf,48.185101,16.377113,0,9,Wien Hbf,EC 150,Graz Hbf,Wien Hbf
5866,07:58:00,07:58:00,8103000,1,0,1,Wien Hbf,48.185101,16.377113,0,9,Ljubljana,EC 151,Wien Hbf,Graz Hbf
5866,08:03:00,08:05:00,8100514,2,0,0,Wien Meidling Bahnhof,48.174582,16.333737,0,9,Ljubljana,EC 151,Wien Hbf,Graz Hbf
5866,08:28:00,08:32:00,8100516,3,0,0,Wr.Neustadt Hbf,47.811693,16.233812,0,9,Ljubljana,EC 151,Wien Hbf,Graz Hbf
5866,09:14:00,09:15:00,8100028,4,0,0,Semmering Bahnhof,47.639703999999995,15.831028,0,9,Ljubljana,EC 151,Wien Hbf,Graz Hbf
5866,09:28:00,09:30:00,8100029,5,0,0,Mürzzuschlag Bahnhof,47.607874,15.677004,0,9,Ljubljana,EC 151,Wien Hbf,Graz Hbf
5866,09:51:00,09:52:00,8100031,6,0,0,Kapfenberg Bahnhof,47.445195,15.292089,0,9,Ljubljana,EC 151,Wien Hbf,Graz Hbf
5866,09:56:00,09:58:00,8100032,7,0,0,Bruck/Mur Bahnhof,47.413649,15.279495,0,9,Ljubljana,EC 151,Wien Hbf,Graz Hbf
5866,10:33:00,10:39:00,8100173,8,0,0,Graz Hbf,47.072503000000005,15.416464000000001,0,9,Ljubljana,EC 151,Wien Hbf,Graz Hbf
5867,07:58:00,07:58:00,8103000,1,0,1,Wien Hbf,48.185101,16.377113,0,9,Ljubljana,EC 151,Wien Hbf,Graz Hbf
5867,08:03:00,08:05:00,8100514,2,0,0,Wien Meidling Bahnhof,48.174582,16.333737,0,9,Ljubljana,EC 151,Wien Hbf,Graz Hbf
5867,08:28:00,08:32:00,8100516,3,0,0,Wr.Neustadt Hbf,47.811693,16.233812,0,9,Ljubljana,EC 151,Wien Hbf,Graz Hbf
5867,09:14:00,09:15:00,8100028,4,0,0,Semmering Bahnhof,47.639703999999995,15.831028,0,9,Ljubljana,EC 151,Wien Hbf,Graz Hbf
5867,09:28:00,09:30:00,8100029,5,0,0,Mürzzuschlag Bahnhof,47.607874,15.677004,0,9,Ljubljana,EC 151,Wien Hbf,Graz Hbf
5867,09:51:00,09:52:00,8100031,6,0,0,Kapfenberg Bahnhof,47.445195,15.292089,0,9,Ljubljana,EC 151,Wien Hbf,Graz Hbf
5867,09:56:00,09:58:00,8100032,7,0,0,Bruck/Mur Bahnhof,47.413649,15.279495,0,9,Ljubljana,EC 151,Wien Hbf,Graz Hbf
5867,10:33:00,10:39:00,8100173,8,0,0,Graz Hbf,47.072503000000005,15.416464000000001,0,9,Ljubljana,EC 151,Wien Hbf,Graz Hbf
5868,15:58:00,15:58:00,8103000,1,0,1,Wien Hbf,48.185101,16.377113,0,9,Zagreb Glavni kolodvor,EC 159,Wien Hbf,Graz Hbf
5868,16:03:00,16:05:00,8100514,2,0,0,Wien Meidling Bahnhof,48.174582,16.333737,0,9,Zagreb Glavni kolodvor,EC 159,Wien Hbf,Graz Hbf
5868,16:30:00,16:32:00,8100516,3,0,0,Wr.Neustadt Hbf,47.811693,16.233812,0,9,Zagreb Glavni kolodvor,EC 159,Wien Hbf,Graz Hbf
5868,17:28:00,17:30:00,8100029,4,0,0,Mürzzuschlag Bahnhof,47.607874,15.677004,0,9,Zagreb Glavni kolodvor,EC 159,Wien Hbf,Graz Hbf
5868,17:51:00,17:52:00,8100031,5,0,0,Kapfenberg Bahnhof,47.445195,15.292089,0,9,Zagreb Glavni kolodvor,EC 159,Wien Hbf,Graz Hbf
5868,17:56:00,17:58:00,8100032,6,0,0,Bruck/Mur Bahnhof,47.413649,15.279495,0,9,Zagreb Glavni kolodvor,EC 159,Wien Hbf,Graz Hbf
5868,18:33:00,18:39:00,8100173,7,0,0,Graz Hbf,47.072503000000005,15.416464000000001,0,9,Zagreb Glavni kolodvor,EC 159,Wien Hbf,Graz Hbf
5869,15:58:00,15:58:00,8103000,1,0,1,Wien Hbf,48.185101,16.377113,0,9,Zagreb Glavni kolodvor,EC 159,Wien Hbf,Graz Hbf
5869,16:03:00,16:05:00,8100514,2,0,0,Wien Meidling Bahnhof,48.174582,16.333737,0,9,Zagreb Glavni kolodvor,EC 159,Wien Hbf,Graz Hbf
5869,16:30:00,16:32:00,8100516,3,0,0,Wr.Neustadt Hbf,47.811693,16.233812,0,9,Zagreb Glavni kolodvor,EC 159,Wien Hbf,Graz Hbf
5869,17:28:00,17:30:00,8100029,4,0,0,Mürzzuschlag Bahnhof,47.607874,15.677004,0,9,Zagreb Glavni kolodvor,EC 159,Wien Hbf,Graz Hbf
5869,17:51:00,17:52:00,8100031,5,0,0,Kapfenberg Bahnhof,47.445195,15.292089,0,9,Zagreb Glavni kolodvor,EC 159,Wien Hbf,Graz Hbf
5869,17:56:00,17:58:00,8100032,6,0,0,Bruck/Mur Bahnhof,47.413649,15.279495,0,9,Zagreb Glavni kolodvor,EC 159,Wien Hbf,Graz Hbf
5869,18:33:00,18:39:00,8100173,7,0,0,Graz Hbf,47.072503000000005,15.416464000000001,0,9,Zagreb Glavni kolodvor,EC 159,Wien Hbf,Graz Hbf
6129,10:26:00,10:26:00,8100173,1,0,1,Graz Hbf,47.072503000000005,15.416464000000001,0,4,Praha hl.n.,RJ 256,Graz Hbf,Wien Hbf
6129,11:01:00,11:03:00,8100032,2,0,0,Bruck/Mur Bahnhof,47.413649,15.279495,0,4,Praha hl.n.,RJ 256,Graz Hbf,Wien Hbf
6129,11:09:00,11:11:00,8100031,3,0,0,Kapfenberg Bahnhof,47.445195,15.292089,0,4,Praha hl.n.,RJ 256,Graz Hbf,Wien Hbf
6129,11:32:00,11:33:00,8100029,4,0,0,Mürzzuschlag Bahnhof,47.607874,15.677004,0,4,Praha hl.n.,RJ 256,Graz Hbf,Wien Hbf
6129,11:45:00,11:47:00,8100028,5,0,0,Semmering Bahnhof,47.639703999999995,15.831028,0,4,Praha hl.n.,RJ 256,Graz Hbf,Wien Hbf
6129,12:28:00,12:32:00,8100516,6,0,0,Wr.Neustadt Hbf,47.811693,16.233812,0,4,Praha hl.n.,RJ 256,Graz Hbf,Wien Hbf
6129,12:55:00,12:57:00,8100514,7,0,0,Wien Meidling Bahnhof,48.174582,16.333737,0,4,Praha hl.n.,RJ 256,Graz Hbf,Wien Hbf
6129,13:02:00,13:10:00,8103000,8,0,0,Wien Hbf,48.185101,16.377113,0,4,Praha hl.n.,RJ 256,Graz Hbf,Wien Hbf
6130,14:49:00,14:58:00,8103000,3,0,0,Wien Hbf,48.185101,16.377113,0,4,Graz Hbf,RJ 257,Wien Hbf,Graz Hbf
6130,15:03:00,15:05:00,8100514,4,0,0,Wien Meidling Bahnhof,48.174582,16.333737,0,4,Graz Hbf,RJ 257,Wien Hbf,Graz Hbf
6130,15:30:00,15:32:00,8100516,5,0,0,Wr.Neustadt Hbf,47.811693,16.233812,0,4,Graz Hbf,RJ 257,Wien Hbf,Graz Hbf
6130,16:14:00,16:15:00,8100028,6,0,0,Semmering Bahnhof,47.639703999999995,15.831028,0,4,Graz Hbf,RJ 257,Wien Hbf,Graz Hbf
6130,16:28:00,16:30:00,8100029,7,0,0,Mürzzuschlag Bahnhof,47.607874,15.677004,0,4,Graz Hbf,RJ 257,Wien Hbf,Graz Hbf
6130,16:51:00,16:52:00,8100031,8,0,0,Kapfenberg Bahnhof,47.445195,15.292089,0,4,Graz Hbf,RJ 257,Wien Hbf,Graz Hbf
6130,16:56:00,16:58:00,8100032,9,0,0,Bruck/Mur Bahnhof,47.413649,15.279495,0,4,Graz Hbf,RJ 257,Wien Hbf,Graz Hbf
6130,17:33:00,17:33:00,8100173,10,1,0,Graz Hbf,47.072503000000005,15.416464000000001,0,4,Graz Hbf,RJ 257,Wien Hbf,Graz Hbf
6131,14:49:00,14:58:00,8103000,3,0,0,Wien Hbf,48.185101,16.377113,0,4,Graz Hbf,RJ 257,Wien Hbf,Graz Hbf
6131,15:03:00,15:05:00,8100514,4,0,0,Wien Meidling Bahnhof,48.174582,16.333737,0,4,Graz Hbf,RJ 257,Wien Hbf,Graz Hbf
6131,15:30:00,15:32:00,8100516,5,0,0,Wr.Neustadt Hbf,47.811693,16.233812,0,4,Graz Hbf,RJ 257,Wien Hbf,Graz Hbf
6131,16:14:00,16:15:00,8100028,6,0,0,Semmering Bahnhof,47.639703999999995,15.831028,0,4,Graz Hbf,RJ 257,Wien Hbf,Graz Hbf
6131,16:28:00,16:30:00,8100029,7,0,0,Mürzzuschlag Bahnhof,47.607874,15.677004,0,4,Graz Hbf,RJ 257,Wien Hbf,Graz Hbf
6131,16:51:00,16:52:00,8100031,8,0,0,Kapfenberg Bahnhof,47.445195,15.292089,0,4,Graz Hbf,RJ 257,Wien Hbf,Graz Hbf
6131,16:56:00,16:58:00,8100032,9,0,0,Bruck/Mur Bahnhof,47.413649,15.279495,0,4,Graz Hbf,RJ 257,Wien Hbf,Graz Hbf
6131,17:33:00,17:33:00,8100173,10,1,0,Graz Hbf,47.072503000000005,15.416464000000001,0,4,Graz Hbf,RJ 257,Wien Hbf,Graz Hbf
6281,14:26:00,14:26:00,8100173,1,0,1,Graz Hbf,47.072503000000005,15.416464000000001,0,4,Praha hl.n.,RJ 370,Graz Hbf,Wien Hbf
6281,15:01:00,15:03:00,8100032,2,0,0,Bruck/Mur Bahnhof,47.413649,15.279495,0,4,Praha hl.n.,RJ 370,Graz Hbf,Wien Hbf
6281,15:09:00,15:11:00,8100031,3,0,0,Kapfenberg Bahnhof,47.445195,15.292089,0,4,Praha hl.n.,RJ 370,Graz Hbf,Wien Hbf
6281,15:32:00,15:33:00,8100029,4,0,0,Mürzzuschlag Bahnhof,47.607874,15.677004,0,4,Praha hl.n.,RJ 370,Graz Hbf,Wien Hbf
6281,15:45:00,15:47:00,8100028,5,0,0,Semmering Bahnhof,47.639703999999995,15.831028,0,4,Praha hl.n.,RJ 370,Graz Hbf,Wien Hbf
6281,16:28:00,16:32:00,8100516,6,0,0,Wr.Neustadt Hbf,47.811693,16.233812,0,4,Praha hl.n.,RJ 370,Graz Hbf,Wien Hbf
6281,16:55:00,16:57:00,8100514,7,0,0,Wien Meidling Bahnhof,48.174582,16.333737,0,4,Praha hl.n.,RJ 370,Graz Hbf,Wien Hbf
6281,17:02:00,17:10:00,8103000,8,0,0,Wien Hbf,48.185101,16.377113,0,4,Praha hl.n.,RJ 370,Graz Hbf,Wien Hbf
6282,18:49:00,18:58:00,8103000,3,0,0,Wien Hbf,48.185101,16.377113,0,4,Graz Hbf,RJ 371,Wien Hbf,Graz Hbf
6282,19:03:00,19:05:00,8100514,4,0,0,Wien Meidling Bahnhof,48.174582,16.333737,0,4,Graz Hbf,RJ 371,Wien Hbf,Graz Hbf
6282,19:28:00,19:32:00,8100516,5,0,0,Wr.Neustadt Hbf,47.811693,16.233812,0,4,Graz Hbf,RJ 371,Wien Hbf,Graz Hbf
6282,20:28:00,20:30:00,8100029,6,0,0,Mürzzuschlag Bahnhof,47.607874,15.677004,0,4,Graz Hbf,RJ 371,Wien Hbf,Graz Hbf
6282,20:51:00,20:52:00,8100031,7,0,0,Kapfenberg Bahnhof,47.445195,15.292089,0,4,Graz Hbf,RJ 371,Wien Hbf,Graz Hbf
6282,20:56:00,20:58:00,8100032,8,0,0,Bruck/Mur Bahnhof,47.413649,15.279495,0,4,Graz Hbf,RJ 371,Wien Hbf,Graz Hbf
6282,21:33:00,21:33:00,8100173,9,1,0,Graz Hbf,47.072503000000005,15.416464000000001,0,4,Graz Hbf,RJ 371,Wien Hbf,Graz Hbf
6283,18:49:00,18:58:00,8103000,3,0,0,Wien Hbf,48.185101,16.377113,0,4,Graz Hbf,RJ 371,Wien Hbf,Graz Hbf
6283,19:03:00,19:05:00,8100514,4,0,0,Wien Meidling Bahnhof,48.174582,16.333737,0,4,Graz Hbf,RJ 371,Wien Hbf,Graz Hbf
6283,19:30:00,19:32:00,8100516,5,0,0,Wr.Neustadt Hbf,47.811693,16.233812,0,4,Graz Hbf,RJ 371,Wien Hbf,Graz Hbf
6283,20:28:00,20:30:00,8100029,6,0,0,Mürzzuschlag Bahnhof,47.607874,15.677004,0,4,Graz Hbf,RJ 371,Wien Hbf,Graz Hbf
6283,20:51:00,20:52:00,8100031,7,0,0,Kapfenberg Bahnhof,47.445195,15.292089,0,4,Graz Hbf,RJ 371,Wien Hbf,Graz Hbf
6283,20:56:00,20:58:00,8100032,8,0,0,Bruck/Mur Bahnhof,47.413649,15.279495,0,4,Graz Hbf,RJ 371,Wien Hbf,Graz Hbf
6283,21:33:00,21:33:00,8100173,9,1,0,Graz Hbf,47.072503000000005,15.416464000000001,0,4,Graz Hbf,RJ 371,Wien Hbf,Graz Hbf
6284,16:26:00,16:26:00,8100173,1,0,1,Graz Hbf,47.072503000000005,15.416464000000001,0,4,Praha hl.n.,RJ 372,Graz Hbf,Wien Hbf
6284,17:01:00,17:03:00,8100032,2,0,0,Bruck/Mur Bahnhof,47.413649,15.279495,0,4,Praha hl.n.,RJ 372,Graz Hbf,Wien Hbf
6284,17:09:00,17:11:00,8100031,3,0,0,Kapfenberg Bahnhof,47.445195,15.292089,0,4,Praha hl.n.,RJ 372,Graz Hbf,Wien Hbf
6284,17:32:00,17:33:00,8100029,4,0,0,Mürzzuschlag Bahnhof,47.607874,15.677004,0,4,Praha hl.n.,RJ 372,Graz Hbf,Wien Hbf
6284,17:45:00,17:47:00,8100028,5,0,0,Semmering Bahnhof,47.639703999999995,15.831028,0,4,Praha hl.n.,RJ 372,Graz Hbf,Wien Hbf
6284,18:28:00,18:32:00,8100516,6,0,0,Wr.Neustadt Hbf,47.811693,16.233812,0,4,Praha hl.n.,RJ 372,Graz Hbf,Wien Hbf
6284,18:55:00,18:57:00,8100514,7,0,0,Wien Meidling Bahnhof,48.174582,16.333737,0,4,Praha hl.n.,RJ 372,Graz Hbf,Wien Hbf
6284,19:02:00,19:10:00,8103000,8,0,0,Wien Hbf,48.185101,16.377113,0,4,Praha hl.n.,RJ 372,Graz Hbf,Wien Hbf
6285,20:49:00,20:58:00,8103000,3,0,0,Wien Hbf,48.185101,16.377113,0,4,Graz Hbf,RJ 373,Wien Hbf,Graz Hbf
6285,21:03:00,21:05:00,8100514,4,0,0,Wien Meidling Bahnhof,48.174582,16.333737,0,4,Graz Hbf,RJ 373,Wien Hbf,Graz Hbf
6285,21:28:00,21:32:00,8100516,5,0,0,Wr.Neustadt Hbf,47.811693,16.233812,0,4,Graz Hbf,RJ 373,Wien Hbf,Graz Hbf
6285,22:28:00,22:30:00,8100029,6,0,0,Mürzzuschlag Bahnhof,47.607874,15.677004,0,4,Graz Hbf,RJ 373,Wien Hbf,Graz Hbf
6285,22:51:00,22:52:00,8100031,7,0,0,Kapfenberg Bahnhof,47.445195,15.292089,0,4,Graz Hbf,RJ 373,Wien Hbf,Graz Hbf
6285,22:56:00,22:58:00,8100032,8,0,0,Bruck/Mur Bahnhof,47.413649,15.279495,0,4,Graz Hbf,RJ 373,Wien Hbf,Graz Hbf
6285,23:33:00,23:33:00,8100173,9,1,0,Graz Hbf,47.072503000000005,15.416464000000001,0,4,Graz Hbf,RJ 373,Wien Hbf,Graz Hbf
6286,18:26:00,18:26:00,8100173,1,0,1,Graz Hbf,47.072503000000005,15.416464000000001,0,4,Breclav,RJ 374,Graz Hbf,Wien Hbf
6286,19:01:00,19:03:00,8100032,2,0,0,Bruck/Mur Bahnhof,47.413649,15.279495,0,4,Breclav,RJ 374,Graz Hbf,Wien Hbf
6286,19:09:00,19:11:00,8100031,3,0,0,Kapfenberg Bahnhof,47.445195,15.292089,0,4,Breclav,RJ 374,Graz Hbf,Wien Hbf
6286,19:32:00,19:33:00,8100029,4,0,0,Mürzzuschlag Bahnhof,47.607874,15.677004,0,4,Breclav,RJ 374,Graz Hbf,Wien Hbf
6286,20:28:00,20:32:00,8100516,5,0,0,Wr.Neustadt Hbf,47.811693,16.233812,0,4,Breclav,RJ 374,Graz Hbf,Wien Hbf
6286,20:55:00,20:57:00,8100514,6,0,0,Wien Meidling Bahnhof,48.174582,16.333737,0,4,Breclav,RJ 374,Graz Hbf,Wien Hbf
6286,21:02:00,21:10:00,8103000,7,0,0,Wien Hbf,48.185101,16.377113,0,4,Breclav,RJ 374,Graz Hbf,Wien Hbf
6768,08:49:00,08:58:00,8103000,3,0,0,Wien Hbf,48.185101,16.377113,0,4,Graz Hbf,RJ 71,Wien Hbf,Graz Hbf
6768,09:03:00,09:05:00,8100514,4,0,0,Wien Meidling Bahnhof,48.174582,16.333737,0,4,Graz Hbf,RJ 71,Wien Hbf,Graz Hbf
6768,09:28:00,09:32:00,8100516,5,0,0,Wr.Neustadt Hbf,47.811693,16.233812,0,4,Graz Hbf,RJ 71,Wien Hbf,Graz Hbf
6768,10:14:00,10:15:00,8100028,6,0,0,Semmering Bahnhof,47.639703999999995,15.831028,0,4,Graz Hbf,RJ 71,Wien Hbf,Graz Hbf
6768,10:28:00,10:30:00,8100029,7,0,0,Mürzzuschlag Bahnhof,47.607874,15.677004,0,4,Graz Hbf,RJ 71,Wien Hbf,Graz Hbf
6768,10:51:00,10:52:00,8100031,8,0,0,Kapfenberg Bahnhof,47.445195,15.292089,0,4,Graz Hbf,RJ 71,Wien Hbf,Graz Hbf
6768,10:56:00,10:58:00,8100032,9,0,0,Bruck/Mur Bahnhof,47.413649,15.279495,0,4,Graz Hbf,RJ 71,Wien Hbf,Graz Hbf
6768,11:33:00,11:33:00,8100173,10,1,0,Graz Hbf,47.072503000000005,15.416464000000001,0,4,Graz Hbf,RJ 71,Wien Hbf,Graz Hbf
6769,08:49:00,08:58:00,8103000,2,0,0,Wien Hbf,48.185101,16.377113,0,4,Graz Hbf,RJ 71,Wien Hbf,Graz Hbf
6769,09:03:00,09:05:00,8100514,3,0,0,Wien Meidling Bahnhof,48.174582,16.333737,0,4,Graz Hbf,RJ 71,Wien Hbf,Graz Hbf
6769,09:28:00,09:32:00,8100516,4,0,0,Wr.Neustadt Hbf,47.811693,16.233812,0,4,Graz Hbf,RJ 71,Wien Hbf,Graz Hbf
6769,10:14:00,10:15:00,8100028,5,0,0,Semmering Bahnhof,47.639703999999995,15.831028,0,4,Graz Hbf,RJ 71,Wien Hbf,Graz Hbf
6769,10:28:00,10:30:00,8100029,6,0,0,Mürzzuschlag Bahnhof,47.607874,15.677004,0,4,Graz Hbf,RJ 71,Wien Hbf,Graz Hbf
6769,10:51:00,10:52:00,8100031,7,0,0,Kapfenberg Bahnhof,47.445195,15.292089,0,4,Graz Hbf,RJ 71,Wien Hbf,Graz Hbf
6769,10:56:00,10:58:00,8100032,8,0,0,Bruck/Mur Bahnhof,47.413649,15.279495,0,4,Graz Hbf,RJ 71,Wien Hbf,Graz Hbf
6769,11:33:00,11:33:00,8100173,9,1,0,Graz Hbf,47.072503000000005,15.416464000000001,0,4,Graz Hbf,RJ 71,Wien Hbf,Graz Hbf
6770,06:26:00,06:26:00,8100173,1,0,1,Graz Hbf,47.072503000000005,15.416464000000001,0,4,Praha hl.n.,RJ 72,Graz Hbf,Wien Hbf
6770,07:01:00,07:03:00,8100032,2,0,0,Bruck/Mur Bahnhof,47.413649,15.279495,0,4,Praha hl.n.,RJ 72,Graz Hbf,Wien Hbf
6770,07:09:00,07:11:00,8100031,3,0,0,Kapfenberg Bahnhof,47.445195,15.292089,0,4,Praha hl.n.,RJ 72,Graz Hbf,Wien Hbf
6770,07:32:00,07:33:00,8100029,4,0,0,Mürzzuschlag Bahnhof,47.607874,15.677004,0,4,Praha hl.n.,RJ 72,Graz Hbf,Wien Hbf
6770,07:45:00,07:47:00,8100028,5,0,0,Semmering Bahnhof,47.639703999999995,15.831028,0,4,Praha hl.n.,RJ 72,Graz Hbf,Wien Hbf
6770,08:28:00,08:32:00,8100516,6,0,0,Wr.Neustadt Hbf,47.811693,16.233812,0,4,Praha hl.n.,RJ 72,Graz Hbf,Wien Hbf
6770,08:55:00,08:57:00,8100514,7,0,0,Wien Meidling Bahnhof,48.174582,16.333737,0,4,Praha hl.n.,RJ 72,Graz Hbf,Wien Hbf
6770,09:02:00,09:10:00,8103000,8,0,0,Wien Hbf,48.185101,16.377113,0,4,Praha hl.n.,RJ 72,Graz Hbf,Wien Hbf
6771,10:49:00,10:58:00,8103000,3,0,0,Wien Hbf,48.185101,16.377113,0,4,Graz Hbf,RJ 73,Wien Hbf,Graz Hbf
6771,11:03:00,11:05:00,8100514,4,0,0,Wien Meidling Bahnhof,48.174582,16.333737,0,4,Graz Hbf,RJ 73,Wien Hbf,Graz Hbf
6771,11:28:00,11:32:00,8100516,5,0,0,Wr.Neustadt Hbf,47.811693,16.233812,0,4,Graz Hbf,RJ 73,Wien Hbf,Graz Hbf
6771,12:28:00,12:30:00,8100029,6,0,0,Mürzzuschlag Bahnhof,47.607874,15.677004,0,4,Graz Hbf,RJ 73,Wien Hbf,Graz Hbf
6771,12:51:00,12:52:00,8100031,7,0,0,Kapfenberg Bahnhof,47.445195,15.292089,0,4,Graz Hbf,RJ 73,Wien Hbf,Graz Hbf
6771,12:56:00,12:58:00,8100032,8,0,0,Bruck/Mur Bahnhof,47.413649,15.279495,0,4,Graz Hbf,RJ 73,Wien Hbf,Graz Hbf
6771,13:33:00,13:33:00,8100173,9,1,0,Graz Hbf,47.072503000000005,15.416464000000001,0,4,Graz Hbf,RJ 73,Wien Hbf,Graz Hbf
6772,08:26:00,08:26:00,8100173,1,0,1,Graz Hbf,47.072503000000005,15.416464000000001,0,4,Praha hl.n.,RJ 74,Graz Hbf,Wien Hbf
6772,09:01:00,09:03:00,8100032,2,0,0,Bruck/Mur Bahnhof,47.413649,15.279495,0,4,Praha hl.n.,RJ 74,Graz Hbf,Wien Hbf
6772,09:09:00,09:11:00,8100031,3,0,0,Kapfenberg Bahnhof,47.445195,15.292089,0,4,Praha hl.n.,RJ 74,Graz Hbf,Wien Hbf
6772,09:32:00,09:33:00,8100029,4,0,0,Mürzzuschlag Bahnhof,47.607874,15.677004,0,4,Praha hl.n.,RJ 74,Graz Hbf,Wien Hbf
6772,09:45:00,09:47:00,8100028,5,0,0,Semmering Bahnhof,47.639703999999995,15.831028,0,4,Praha hl.n.,RJ 74,Graz Hbf,Wien Hbf
6772,10:28:00,10:32:00,8100516,6,0,0,Wr.Neustadt Hbf,47.811693,16.233812,0,4,Praha hl.n.,RJ 74,Graz Hbf,Wien Hbf
6772,10:55:00,10:57:00,8100514,7,0,0,Wien Meidling Bahnhof,48.174582,16.333737,0,4,Praha hl.n.,RJ 74,Graz Hbf,Wien Hbf
6772,11:02:00,11:10:00,8103000,8,0,0,Wien Hbf,48.185101,16.377113,0,4,Praha hl.n.,RJ 74,Graz Hbf,Wien Hbf
6773,12:49:00,12:58:00,8103000,3,0,0,Wien Hbf,48.185101,16.377113,0,4,Graz Hbf,RJ 75,Wien Hbf,Graz Hbf
6773,13:03:00,13:05:00,8100514,4,0,0,Wien Meidling Bahnhof,48.174582,16.333737,0,4,Graz Hbf,RJ 75,Wien Hbf,Graz Hbf
6773,13:28:00,13:32:00,8100516,5,0,0,Wr.Neustadt Hbf,47.811693,16.233812,0,4,Graz Hbf,RJ 75,Wien Hbf,Graz Hbf
6773,14:28:00,14:30:00,8100029,6,0,0,Mürzzuschlag Bahnhof,47.607874,15.677004,0,4,Graz Hbf,RJ 75,Wien Hbf,Graz Hbf
6773,14:51:00,14:52:00,8100031,7,0,0,Kapfenberg Bahnhof,47.445195,15.292089,0,4,Graz Hbf,RJ 75,Wien Hbf,Graz Hbf
6773,14:56:00,14:58:00,8100032,8,0,0,Bruck/Mur Bahnhof,47.413649,15.279495,0,4,Graz Hbf,RJ 75,Wien Hbf,Graz Hbf
6773,15:33:00,15:33:00,8100173,9,1,0,Graz Hbf,47.072503000000005,15.416464000000001,0,4,Graz Hbf,RJ 75,Wien Hbf,Graz Hbf
6874,12:26:00,12:26:00,8100173,1,0,1,Graz Hbf,47.072503000000005,15.416464000000001,0,4,Praha hl.n.,RJ 78,Graz Hbf,Wien Hbf
6874,13:01:00,13:03:00,8100032,2,0,0,Bruck/Mur Bahnhof,47.413649,15.279495,0,4,Praha hl.n.,RJ 78,Graz Hbf,Wien Hbf
6874,13:09:00,13:11:00,8100031,3,0,0,Kapfenberg Bahnhof,47.445195,15.292089,0,4,Praha hl.n.,RJ 78,Graz Hbf,Wien Hbf
6874,13:32:00,13:33:00,8100029,4,0,0,Mürzzuschlag Bahnhof,47.607874,15.677004,0,4,Praha hl.n.,RJ 78,Graz Hbf,Wien Hbf
6874,13:45:00,13:47:00,8100028,5,0,0,Semmering Bahnhof,47.639703999999995,15.831028,0,4,Praha hl.n.,RJ 78,Graz Hbf,Wien Hbf
6874,14:28:00,14:32:00,8100516,6,0,0,Wr.Neustadt Hbf,47.811693,16.233812,0,4,Praha hl.n.,RJ 78,Graz Hbf,Wien Hbf
6874,14:55:00,14:57:00,8100514,7,0,0,Wien Meidling Bahnhof,48.174582,16.333737,0,4,Praha hl.n.,RJ 78,Graz Hbf,Wien Hbf
6874,15:02:00,15:10:00,8103000,8,0,0,Wien Hbf,48.185101,16.377113,0,4,Praha hl.n.,RJ 78,Graz Hbf,Wien Hbf
6875,16:49:00,16:58:00,8103000,3,0,0,Wien Hbf,48.185101,16.377113,0,4,Graz Hbf,RJ 79,Wien Hbf,Graz Hbf
6875,17:03:00,17:05:00,8100514,4,0,0,Wien Meidling Bahnhof,48.174582,16.333737,0,4,Graz Hbf,RJ 79,Wien Hbf,Graz Hbf
6875,17:30:00,17:32:00,8100516,5,0,0,Wr.Neustadt Hbf,47.811693,16.233812,0,4,Graz Hbf,RJ 79,Wien Hbf,Graz Hbf
6875,18:14:00,18:15:00,8100028,6,0,0,Semmering Bahnhof,47.639703999999995,15.831028,0,4,Graz Hbf,RJ 79,Wien Hbf,Graz Hbf
6875,18:28:00,18:30:00,8100029,7,0,0,Mürzzuschlag Bahnhof,47.607874,15.677004,0,4,Graz Hbf,RJ 79,Wien Hbf,Graz Hbf
6875,18:51:00,18:52:00,8100031,8,0,0,Kapfenberg Bahnhof,47.445195,15.292089,0,4,Graz Hbf,RJ 79,Wien Hbf,Graz Hbf
6875,18:56:00,18:58:00,8100032,9,0,0,Bruck/Mur Bahnhof,47.413649,15.279495,0,4,Graz Hbf,RJ 79,Wien Hbf,Graz Hbf
6875,19:33:00,19:33:00,8100173,10,1,0,Graz Hbf,47.072503000000005,15.416464000000001,0,4,Graz Hbf,RJ 79,Wien Hbf,Graz Hbf
6876,16:49:00,16:58:00,8103000,3,0,0,Wien Hbf,48.185101,16.377113,0,4,Graz Hbf,RJ 79,Wien Hbf,Graz Hbf
6876,17:03:00,17:05:00,8100514,4,0,0,Wien Meidling Bahnhof,48.174582,16.333737,0,4,Graz Hbf,RJ 79,Wien Hbf,Graz Hbf
6876,17:28:00,17:32:00,8100516,5,0,0,Wr.Neustadt Hbf,47.811693,16.233812,0,4,Graz Hbf,RJ 79,Wien Hbf,Graz Hbf
6876,18:14:00,18:15:00,8100028,6,0,0,Semmering Bahnhof,47.639703999999995,15.831028,0,4,Graz Hbf,RJ 79,Wien Hbf,Graz Hbf
6876,18:28:00,18:30:00,8100029,7,0,0,Mürzzuschlag Bahnhof,47.607874,15.677004,0,4,Graz Hbf,RJ 79,Wien Hbf,Graz Hbf
6876,18:51:00,18:52:00,8100031,8,0,0,Kapfenberg Bahnhof,47.445195,15.292089,0,4,Graz Hbf,RJ 79,Wien Hbf,Graz Hbf
6876,18:56:00,18:58:00,8100032,9,0,0,Bruck/Mur Bahnhof,47.413649,15.279495,0,4,Graz Hbf,RJ 79,Wien Hbf,Graz Hbf
6876,19:33:00,19:33:00,8100173,10,1,0,Graz Hbf,47.072503000000005,15.416464000000001,0,4,Graz Hbf,RJ 79,Wien Hbf,Graz Hbf
